xi,D_torus,D_infinite
0.0000000000000000e+00,1.0000000000000000e+00,1.0000000000000000e+00
1.0000000000000000e-03,1.0001032020047149e+00,1.0000999916674167e+00
2.0000000000000000e-03,1.0004127068883377e+00,1.0003998667146488e+00
3.0000000000000001e-03,1.0009282115384401e+00,1.0008993255462928e+00
4.0000000000000001e-03,1.0016492116717381e+00,1.0015978697341044e+00
5.0000000000000001e-03,1.0025750031911658e+00,1.0024948033582457e+00
6.0000000000000001e-03,1.0037046840725570e+00,1.0035892348752911e+00
7.0000000000000001e-03,1.0050371567734779e+00,1.0048800795033368e+00
8.0000000000000002e-03,1.0065711311534993e+00,1.0063660621119626e+00
8.9999999999999993e-03,1.0083051278882524e+00,1.0080457206022631e+00
1.0000000000000000e-02,1.0102374823619336e+00,1.0099174097597914e+00
1.0999999999999999e-02,1.0123663490178301e+00,1.0119793055609960e+00
1.2000000000000000e-02,1.0146897061452635e+00,1.0142294099116524e+00
1.2999999999999999e-02,1.0172053610795280e+00,1.0166655557938711e+00
1.4000000000000000e-02,1.0199109557891437e+00,1.0192854127965307e+00
1.4999999999999999e-02,1.0228039728237879e+00,1.0220864930024556e+00
1.6000000000000000e-02,1.0258817415943280e+00,1.0250661572043409e+00
1.7000000000000001e-02,1.0291414449558705e+00,1.0282216214202897e+00
1.7999999999999999e-02,1.0325801260632848e+00,1.0315499636789631e+00
1.9000000000000000e-02,1.0361946954683143e+00,1.0350481310436301e+00
2.0000000000000000e-02,1.0399819384268858e+00,1.0387129468439722e+00
2.1000000000000001e-02,1.0439385223847222e+00,1.0425411180842332e+00
2.1999999999999999e-02,1.0480610046097341e+00,1.0465292429962658e+00
2.3000000000000000e-02,1.0523458399394356e+00,1.0506738187062108e+00
2.4000000000000000e-02,1.0567893886122910e+00,1.0549712489838772e+00
2.5000000000000001e-02,1.0613879241522401e+00,1.0594178520444599e+00
2.5999999999999999e-02,1.0661376412765111e+00,1.0640098683729462e+00
2.7000000000000000e-02,1.0710346637976362e+00,1.0687434685424204e+00
2.8000000000000001e-02,1.0760750524916567e+00,1.0736147609985285e+00
2.9000000000000001e-02,1.0812548129056423e+00,1.0786197997835110e+00
2.9999999999999999e-02,1.0865699030790144e+00,1.0837545921744804e+00
3.1000000000000000e-02,1.0920162411543741e+00,1.0890151062120041e+00
3.2000000000000001e-02,1.0975897128552576e+00,1.0943972780965241e+00
3.3000000000000002e-02,1.1032861788095645e+00,1.0998970194316615e+00
3.4000000000000002e-02,1.1091014816991684e+00,1.1055102242950661e+00
3.5000000000000003e-02,1.1150314532177628e+00,1.1112327761190803e+00
3.5999999999999997e-02,1.1210719208207161e+00,1.1170605543651630e+00
3.6999999999999998e-02,1.1272187142523917e+00,1.1229894409776799e+00
3.7999999999999999e-02,1.1334676718380701e+00,1.1290153266043292e+00
3.9000000000000000e-02,1.1398146465292689e+00,1.1351341165721474e+00
4.0000000000000001e-02,1.1462555116928832e+00,1.1413417366096459e+00
4.1000000000000002e-02,1.1527861666362809e+00,1.1476341383072486e+00
4.2000000000000003e-02,1.1594025418618970e+00,1.1540073043097330e+00
4.2999999999999997e-02,1.1661006040465307e+00,1.1604572532358963e+00
4.3999999999999997e-02,1.1728763607419075e+00,1.1669800443220935e+00
4.4999999999999998e-02,1.1797258647945004e+00,1.1735717817876639e+00
4.5999999999999999e-02,1.1866452184839003e+00,1.1802286189215905e+00
4.7000000000000000e-02,1.1936305773802804e+00,1.1869467618909233e+00
4.8000000000000001e-02,1.2006781539226259e+00,1.1937224732726817e+00
4.9000000000000002e-02,1.2077842207205258e+00,1.2005520753119869e+00
5.0000000000000003e-02,1.2149451135832463e+00,1.2074319529101800e+00
5.0999999999999997e-02,1.2221572342807963e+00,1.2143585563475627e+00
5.1999999999999998e-02,1.2294170530424411e+00,1.2213284037462229e+00
5.2999999999999999e-02,1.2367211107989309e+00,1.2283380832791355e+00
5.3999999999999999e-02,1.2440660211752643e+00,1.2353842551323775e+00
5.5000000000000000e-02,1.2514484722415538e+00,1.2424636532278686e+00
5.6000000000000001e-02,1.2588652280298553e+00,1.2495730867145403e+00
5.7000000000000002e-02,1.2663131298254087e+00,1.2567094412362594e+00
5.8000000000000003e-02,1.2737890972409998e+00,1.2638696799851685e+00
5.8999999999999997e-02,1.2812901290834842e+00,1.2710508445493953e+00
5.9999999999999998e-02,1.2888133040216878e+00,1.2782500555642893e+00
6.0999999999999999e-02,1.2963557810650965e+00,1.2854645131765070e+00
6.2000000000000000e-02,1.3039147998628027e+00,1.2926914973303467e+00
6.3000000000000000e-02,1.3114876808322939e+00,1.2999283678858029e+00
6.4000000000000001e-02,1.3190718251275577e+00,1.3071725645777810e+00
6.5000000000000002e-02,1.3266647144560295e+00,1.3144216068258825e+00
6.6000000000000003e-02,1.3342639107537853e+00,1.3216730934040690e+00
6.7000000000000004e-02,1.3418670557282122e+00,1.3289247019793995e+00
6.8000000000000005e-02,1.3494718702773141e+00,1.3361741885288587e+00
6.9000000000000006e-02,1.3570761537945339e+00,1.3434193866431259e+00
7.0000000000000007e-02,1.3646777833678345e+00,1.3506582067259090e+00
7.0999999999999994e-02,1.3722747128814845e+00,1.3578886350972257e+00
7.1999999999999995e-02,1.3798649720287650e+00,1.3651087330087834e+00
7.2999999999999995e-02,1.3874466652435649e+00,1.3723166355793004e+00
7.3999999999999996e-02,1.3950179705584771e+00,1.3795105506573739e+00
7.4999999999999997e-02,1.4025771383967878e+00,1.3866887576191620e+00
7.5999999999999998e-02,1.4101224903054079e+00,1.3938496061078753e+00
7.6999999999999999e-02,1.4176524176354832e+00,1.4009915147217511e+00
7.8000000000000000e-02,1.4251653801771142e+00,1.4081129696568808e+00
7.9000000000000001e-02,1.4326599047543247e+00,1.4152125233109389e+00
8.0000000000000002e-02,1.4401345837860520e+00,1.4222887928535659e+00
8.1000000000000003e-02,1.4475880738186775e+00,1.4293404587688250e+00
8.2000000000000003e-02,1.4550190940352496e+00,1.4363662633748713e+00
8.3000000000000004e-02,1.4624264247463044e+00,1.4433650093256443e+00
8.4000000000000005e-02,1.4698089058668375e+00,1.4503355580991217e+00
8.5000000000000006e-02,1.4771654353837318e+00,1.4572768284763615e+00
8.5999999999999993e-02,1.4844949678176176e+00,1.4641877950152939e+00
8.6999999999999994e-02,1.4917965126829020e+00,1.4710674865229347e+00
8.7999999999999995e-02,1.4990691329494243e+00,1.4779149845294406e+00
8.8999999999999996e-02,1.5063119435089258e+00,1.4847294217671567e+00
8.9999999999999997e-02,1.5135241096492515e+00,1.4915099806575705e+00
9.0999999999999998e-02,1.5207048455390648e+00,1.4982558918088384e+00
9.1999999999999998e-02,1.5278534127254584e+00,1.5049664325263346e+00
9.2999999999999999e-02,1.5349691186467791e+00,1.5116409253384433e+00
9.4000000000000000e-02,1.5420513151626900e+00,1.5182787365396178e+00
9.5000000000000001e-02,1.5490993971033227e+00,1.5248792747525266e+00
9.6000000000000002e-02,1.5561128008391785e+00,1.5314419895109210e+00
9.7000000000000003e-02,1.5630910028732594e+00,1.5379663698646830e+00
9.8000000000000004e-02,1.5700335184567136e+00,1.5444519430083425e+00
9.9000000000000005e-02,1.5769399002292106e+00,1.5508982729342007e+00
1.0000000000000001e-01,1.5838097368849660e+00,1.5573049591110366e+00
1.0100000000000001e-01,1.5906426518653392e+00,1.5636716351892483e+00
1.0199999999999999e-01,1.5974383020786973e+00,1.5699979677331410e+00
1.0299999999999999e-01,1.6041963766481742e+00,1.5762836549809560e+00
1.0400000000000000e-01,1.6109165956878002e+00,1.5825284256331189e+00
1.0500000000000000e-01,1.6175987091073856e+00,1.5887320376690768e+00
1.0600000000000000e-01,1.6242424954464518e+00,1.5948942771930157e+00
1.0700000000000000e-01,1.6308477607374043e+00,1.6010149573086239e+00
1.0800000000000000e-01,1.6374143373980574e+00,1.6070939170230154e+00
1.0900000000000000e-01,1.6439420831535165e+00,1.6131310201798408e+00
1.1000000000000000e-01,1.6504308799874192e+00,1.6191261544215290e+00
1.1100000000000000e-01,1.6568806331224122e+00,1.6250792301805603e+00
1.1200000000000000e-01,1.6632912700296762e+00,1.6309901796996014e+00
1.1300000000000000e-01,1.6696627394673200e+00,1.6368589560802749e+00
1.1400000000000000e-01,1.6759950105473493e+00,1.6426855323602985e+00
1.1500000000000000e-01,1.6822880718309121e+00,1.6484699006186767e+00
1.1600000000000001e-01,1.6885419304514466e+00,1.6542120711086006e+00
1.1700000000000001e-01,1.6947566112653969e+00,1.6599120714176570e+00
1.1799999999999999e-01,1.7009321560300006e+00,1.6655699456549398e+00
1.1899999999999999e-01,1.7070686226077931e+00,1.6711857536646140e+00
1.2000000000000000e-01,1.7131660841972747e+00,1.6767595702654627e+00
1.2100000000000000e-01,1.7192246285893200e+00,1.6822914845159380e+00
1.2200000000000000e-01,1.7252443574487806e+00,1.6877815990041951e+00
1.2300000000000000e-01,1.7312253856207707e+00,1.6932300291626046e+00
1.2400000000000000e-01,1.7371678404611171e+00,1.6986369026062018e+00
1.2500000000000000e-01,1.7430718611903981e+00,1.7040023584945347e+00
1.2600000000000000e-01,1.7489375982710509e+00,1.7093265469163617e+00
1.2700000000000000e-01,1.7547652128069751e+00,1.7146096282966434e+00
1.2800000000000000e-01,1.7605548759650786e+00,1.7198517728252749e+00
1.2900000000000000e-01,1.7663067684181850e+00,1.7250531599069931e+00
1.3000000000000000e-01,1.7720210798087812e+00,1.7302139776319045e+00
1.3100000000000001e-01,1.7776980082329885e+00,1.7353344222660734e+00
1.3200000000000001e-01,1.7833377597442499e+00,1.7404146977616155e+00
1.3300000000000001e-01,1.7889405478761473e+00,1.7454550152857420e+00
1.3400000000000001e-01,1.7945065931837916e+00,1.7504555927682073e+00
1.3500000000000001e-01,1.8000361228032813e+00,1.7554166544666232e+00
1.3600000000000001e-01,1.8055293700286323e+00,1.7603384305490972e+00
1.3700000000000001e-01,1.8109865739057025e+00,1.7652211566936677e+00
1.3800000000000001e-01,1.8164079788425516e+00,1.7700650737040211e+00
1.3900000000000001e-01,1.8217938342357214e+00,1.7748704271409708e+00
1.4000000000000001e-01,1.8271443941119576e+00,1.7796374669691994e+00
1.4099999999999999e-01,1.8324599167848374e+00,1.7843664472187692e+00
1.4199999999999999e-01,1.8377406645258474e+00,1.7890576256609148e+00
1.4299999999999999e-01,1.8429869032494195e+00,1.7937112634976458e+00
1.4399999999999999e-01,1.8481989022114380e+00,1.7983276250646936e+00
1.4499999999999999e-01,1.8533769337208092e+00,1.8029069775473487e+00
1.4599999999999999e-01,1.8585212728635998e+00,1.8074495907087449e+00
1.4699999999999999e-01,1.8636321972393199e+00,1.8119557366301589e+00
1.4799999999999999e-01,1.8687099867089529e+00,1.8164256894629025e+00
1.4899999999999999e-01,1.8737549231542741e+00,1.8208597251913958e+00
1.4999999999999999e-01,1.8787672902480852e+00,1.8252581214070223e+00
1.5100000000000000e-01,1.8837473732349677e+00,1.8296211570923746e+00
1.5200000000000000e-01,1.8886954587221543e+00,1.8339491124155147e+00
1.5300000000000000e-01,1.8936118344801793e+00,1.8382422685338768e+00
1.5400000000000000e-01,1.8984967892529103e+00,1.8425009074074585e+00
1.5500000000000000e-01,1.9033506125766400e+00,1.8467253116209510e+00
1.5600000000000000e-01,1.9081735946078886e+00,1.8509157642144729e+00
1.5700000000000000e-01,1.9129660259595822e+00,1.8550725485225787e+00
1.5800000000000000e-01,1.9177281975452907e+00,1.8591959480212288e+00
1.5900000000000000e-01,1.9224604004312196e+00,1.8632862461824107e+00
1.6000000000000000e-01,1.9271629256956555e+00,1.8673437263361168e+00
1.6100000000000000e-01,1.9318360642955648e+00,1.8713686715393885e+00
1.6200000000000001e-01,1.9364801069400810e+00,1.8753613644521536e+00
1.6300000000000001e-01,1.9410953439705951e+00,1.8793220872195793e+00
1.6400000000000001e-01,1.9456820652471891e+00,1.8832511213606906e+00
1.6500000000000001e-01,1.9502405600411750e+00,1.8871487476629940e+00
1.6600000000000001e-01,1.9547711169334592e+00,1.8910152460828682e+00
1.6700000000000001e-01,1.9592740237185342e+00,1.8948508956514876e+00
1.6800000000000001e-01,1.9637495673138456e+00,1.8986559743860474e+00
1.6900000000000001e-01,1.9681980336743090e+00,1.9024307592060772e+00
1.7000000000000001e-01,1.9726197077117955e+00,1.9061755258546282e+00
1.7100000000000001e-01,1.9770148732193316e+00,1.9098905488241333e+00
1.7199999999999999e-01,1.9813838127998702e+00,1.9135761012867400e+00
1.7299999999999999e-01,1.9857268077993822e+00,1.9172324550289317e+00
1.7399999999999999e-01,1.9900441382441461e+00,1.9208598803902515e+00
1.7499999999999999e-01,1.9943360827820025e+00,1.9244586462059532e+00
1.7599999999999999e-01,1.9986029186274525e+00,1.9280290197534140e+00
1.7699999999999999e-01,2.0028449215103827e+00,1.9315712667021385e+00
1.7799999999999999e-01,2.0070623656283066e+00,1.9350856510672061e+00
1.7899999999999999e-01,2.0112555236019434e+00,1.9385724351660025e+00
1.7999999999999999e-01,2.0154246664339883e+00,1.9420318795780969e+00
1.8099999999999999e-01,2.0195700634709435e+00,1.9454642431081188e+00
1.8200000000000000e-01,2.0236919823678665e+00,1.9488697827515062e+00
1.8300000000000000e-01,2.0277906890559061e+00,1.9522487536629898e+00
1.8400000000000000e-01,2.0318664477124972e+00,1.9556014091276934e+00
1.8500000000000000e-01,2.0359195207341028e+00,1.9589280005347300e+00
1.8600000000000000e-01,2.0399501687113819e+00,1.9622287773531750e+00
1.8700000000000000e-01,2.0439586504066618e+00,1.9655039871103133e+00
1.8800000000000000e-01,2.0479452227336301e+00,1.9687538753720457e+00
1.8900000000000000e-01,2.0519101407391167e+00,1.9719786857253618e+00
1.9000000000000000e-01,2.0558536575868924e+00,1.9751786597627727e+00
1.9100000000000000e-01,2.0597760245433676e+00,1.9783540370686175e+00
1.9200000000000000e-01,2.0636774909651132e+00,1.9815050552071476e+00
1.9300000000000000e-01,2.0675583042881165e+00,1.9846319497123046e+00
1.9400000000000001e-01,2.0714187100186727e+00,1.9877349540791109e+00
1.9500000000000001e-01,2.0752589517258548e+00,1.9908142997565890e+00
1.9600000000000001e-01,2.0790792710354622e+00,1.9938702161421362e+00
1.9700000000000001e-01,2.0828799076253954e+00,1.9969029305772819e+00
1.9800000000000001e-01,2.0866610992223578e+00,1.9999126683447528e+00
1.9900000000000001e-01,2.0904230815998517e+00,2.0028996526667870e+00
2.0000000000000001e-01,2.0941660885773690e+00,2.0058641047046208e+00
2.0100000000000001e-01,2.0978903520207419e+00,2.0088062435591016e+00
2.0200000000000001e-01,2.1015961018435689e+00,2.0117262862723488e+00
2.0300000000000001e-01,2.1052835660096796e+00,2.0146244478304252e+00
2.0399999999999999e-01,2.1089529705365724e+00,2.0175009411669502e+00
2.0499999999999999e-01,2.1126045394997717e+00,2.0203559771676112e+00
2.0599999999999999e-01,2.1162384950380608e+00,2.0231897646755170e+00
2.0699999999999999e-01,2.1198550573595361e+00,2.0260025104973538e+00
2.0799999999999999e-01,2.1234544447484378e+00,2.0287944194102852e+00
2.0899999999999999e-01,2.1270368735727145e+00,2.0315656941695717e+00
2.0999999999999999e-01,2.1306025582922787e+00,2.0343165355168451e+00
2.1099999999999999e-01,2.1341517114679145e+00,2.0370471421890191e+00
2.1199999999999999e-01,2.1376845437707876e+00,2.0397577109277800e+00
2.1299999999999999e-01,2.1412012639925431e+00,2.0424484364896376e+00
2.1400000000000000e-01,2.1447020790559326e+00,2.0451195116564866e+00
2.1500000000000000e-01,2.1481871940259527e+00,2.0477711272466537e+00
2.1600000000000000e-01,2.1516568121214421e+00,2.0504034721263977e+00
2.1700000000000000e-01,2.1551111347271417e+00,2.0530167332218312e+00
2.1800000000000000e-01,2.1585503614061614e+00,2.0556110955312303e+00
2.1900000000000000e-01,2.1619746899128067e+00,2.0581867421377149e+00
2.2000000000000000e-01,2.1653843162058073e+00,2.0607438542222618e+00
2.2100000000000000e-01,2.1687794344618316e+00,2.0632826110770357e+00
2.2200000000000000e-01,2.1721602370893449e+00,2.0658031901190026e+00
2.2300000000000000e-01,2.1755269147427292e+00,2.0683057669038165e+00
2.2400000000000000e-01,2.1788796563366719e+00,2.0707905151399428e+00
2.2500000000000001e-01,2.1822186490607995e+00,2.0732576067030082e+00
2.2600000000000001e-01,2.1855440783945266e+00,2.0757072116503545e+00
2.2700000000000001e-01,2.1888561281221022e+00,2.0781394982357742e+00
2.2800000000000001e-01,2.1921549803478491e+00,2.0805546329244127e+00
2.2900000000000001e-01,2.1954408155115588e+00,2.0829527804078207e+00
2.3000000000000001e-01,2.1987138124040455e+00,2.0853341036191364e+00
2.3100000000000001e-01,2.2019741481828179e+00,2.0876987637483886e+00
2.3200000000000001e-01,2.2052219983878869e+00,2.0900469202578975e+00
2.3300000000000001e-01,2.2084575369576651e+00,2.0923787308977659e+00
2.3400000000000001e-01,2.2116809362449512e+00,2.0946943517214480e+00
2.3499999999999999e-01,2.2148923670330181e+00,2.0969939371013724e+00
2.3599999999999999e-01,2.2180919985517251e+00,2.0992776397446242e+00
2.3699999999999999e-01,2.2212799984937250e+00,2.1015456107086599e+00
2.3799999999999999e-01,2.2244565330306840e+00,2.1037979994170497e+00
2.3899999999999999e-01,2.2276217668295453e+00,2.1060349536752434e+00
2.3999999999999999e-01,2.2307758630688199e+00,2.1082566196863359e+00
2.4099999999999999e-01,2.2339189834548736e+00,2.1104631420668389e+00
2.4199999999999999e-01,2.2370512882382338e+00,2.1126546638624353e+00
2.4299999999999999e-01,2.2401729362298890e+00,2.1148313265637215e+00
2.4399999999999999e-01,2.2432840848175633e+00,2.1169932701219203e+00
2.4500000000000000e-01,2.2463848899819898e+00,2.1191406329645597e+00
2.4600000000000000e-01,2.2494755063131411e+00,2.1212735520111137e+00
2.4700000000000000e-01,2.2525560870264387e+00,2.1233921626885928e+00
2.4800000000000000e-01,2.2556267839789070e+00,2.1254965989470866e+00
2.4900000000000000e-01,2.2586877476853040e+00,2.1275869932752407e+00
2.5000000000000000e-01,2.2617391273341756e+00,2.1296634767156752e+00
2.5100000000000000e-01,2.2647810708038731e+00,2.1317261788803288e+00
2.5200000000000000e-01,2.2678137246784984e+00,2.1337752279657334e+00
2.5300000000000000e-01,2.2708372342637859e+00,2.1358107507682043e+00
2.5400000000000000e-01,2.2738517436029202e+00,2.1378328726989535e+00
2.5500000000000000e-01,2.2768573954922680e+00,2.1398417177991096e+00
2.5600000000000001e-01,2.2798543314970394e+00,2.1418374087546526e+00
2.5700000000000001e-01,2.2828426919668705e+00,2.1438200669112515e+00
2.5800000000000001e-01,2.2858226160513131e+00,2.1457898122890056e+00
2.5900000000000001e-01,2.2887942417152431e+00,2.1477467635970826e+00
2.6000000000000001e-01,2.2917577057541769e+00,2.1496910382482612e+00
2.6100000000000001e-01,2.2947131438094925e+00,2.1516227523733575e+00
2.6200000000000001e-01,2.2976606903835592e+00,2.1535420208355549e+00
2.6300000000000001e-01,2.3006004788547676e+00,2.1554489572446132e+00
2.6400000000000001e-01,2.3035326414924566e+00,2.1573436739709746e+00
2.6500000000000001e-01,2.3064573094717500e+00,2.1592262821597497e+00
2.6600000000000001e-01,2.3093746128882748e+00,2.1610968917445916e+00
2.6700000000000002e-01,2.3122846807727906e+00,2.1629556114614510e+00
2.6800000000000002e-01,2.3151876411056995e+00,2.1648025488622156e+00
2.6900000000000002e-01,2.3180836208314615e+00,2.1666378103282260e+00
2.7000000000000002e-01,2.3209727458728926e+00,2.1684615010836756e+00
2.7100000000000002e-01,2.3238551411453550e+00,2.1702737252088853e+00
2.7200000000000002e-01,2.3267309305708479e+00,2.1720745856534585e+00
2.7300000000000002e-01,2.3296002370919724e+00,2.1738641842493109e+00
2.7400000000000002e-01,2.3324631826857969e+00,2.1756426217235814e+00
2.7500000000000002e-01,2.3353198883776072e+00,2.1774099977114112e+00
2.7600000000000002e-01,2.3381704742545466e+00,2.1791664107686053e+00
2.7700000000000002e-01,2.3410150594791403e+00,2.1809119583841672e+00
2.7800000000000002e-01,2.3438537623027114e+00,2.1826467369927065e+00
2.7900000000000003e-01,2.3466867000786835e+00,2.1843708419867260e+00
2.8000000000000003e-01,2.3495139892757733e+00,2.1860843677287778e+00
2.8100000000000003e-01,2.3523357454910654e+00,2.1877874075635004e+00
2.8199999999999997e-01,2.3551520834629813e+00,2.1894800538295258e+00
2.8299999999999997e-01,2.3579631170841338e+00,2.1911623978712655e+00
2.8399999999999997e-01,2.3607689594140715e+00,2.1928345300505709e+00
2.8499999999999998e-01,2.3635697226919099e+00,2.1944965397582670e+00
2.8599999999999998e-01,2.3663655183488514e+00,2.1961485154255644e+00
2.8699999999999998e-01,2.3691564570206047e+00,2.1977905445353501e+00
2.8799999999999998e-01,2.3719426485596795e+00,2.1994227136333491e+00
2.8899999999999998e-01,2.3747242020475827e+00,2.2010451083391702e+00
2.8999999999999998e-01,2.3775012258069017e+00,2.2026578133572241e+00
2.9099999999999998e-01,2.3802738274132853e+00,2.2042609124875234e+00
2.9199999999999998e-01,2.3830421137073072e+00,2.2058544886363611e+00
2.9299999999999998e-01,2.3858061908062425e+00,2.2074386238268682e+00
2.9399999999999998e-01,2.3885661641157094e+00,2.2090133992094527e+00
2.9499999999999998e-01,2.3913221383412342e+00,2.2105788950721177e+00
2.9599999999999999e-01,2.3940742174996994e+00,2.2121351908506659e+00
2.9699999999999999e-01,2.3968225049306908e+00,2.2136823651387827e+00
2.9799999999999999e-01,2.3995671033077390e+00,2.2152204956980022e+00
2.9899999999999999e-01,2.4023081146494674e+00,2.2167496594675642e+00
2.9999999999999999e-01,2.4050456403306368e+00,2.2182699325741466e+00
3.0099999999999999e-01,2.4077797810930841e+00,2.2197813903414936e+00
3.0199999999999999e-01,2.4105106370565785e+00,2.2212841072999243e+00
3.0299999999999999e-01,2.4132383077295607e+00,2.2227781571957306e+00
3.0399999999999999e-01,2.4159628920198060e+00,2.2242636130004660e+00
3.0499999999999999e-01,2.4186844882449741e+00,2.2257405469201235e+00
3.0599999999999999e-01,2.4214031941430836e+00,2.2272090304042003e+00
3.0700000000000000e-01,2.4241191068828742e+00,2.2286691341546607e+00
3.0800000000000000e-01,2.4268323230740938e+00,2.2301209281347876e+00
3.0900000000000000e-01,2.4295429387776850e+00,2.2315644815779252e+00
3.1000000000000000e-01,2.4322510495158856e+00,2.2329998629961234e+00
3.1100000000000000e-01,2.4349567502822409e+00,2.2344271401886715e+00
3.1200000000000000e-01,2.4376601355515310e+00,2.2358463802505311e+00
3.1300000000000000e-01,2.4403612992896040e+00,2.2372576495806649e+00
3.1400000000000000e-01,2.4430603349631328e+00,2.2386610138902681e+00
3.1500000000000000e-01,2.4457573355492883e+00,2.2400565382108946e+00
3.1600000000000000e-01,2.4484523935453222e+00,2.2414442869024858e+00
3.1700000000000000e-01,2.4511456009780752e+00,2.2428243236613015e+00
3.1800000000000000e-01,2.4538370494134045e+00,2.2441967115277537e+00
3.1900000000000001e-01,2.4565268299655285e+00,2.2455615128941422e+00
3.2000000000000001e-01,2.4592150333062994e+00,2.2469187895122968e+00
3.2100000000000001e-01,2.4619017496743956e+00,2.2482686025011249e+00
3.2200000000000001e-01,2.4645870688844349e+00,2.2496110123540634e+00
3.2300000000000001e-01,2.4672710803360234e+00,2.2509460789464439e+00
3.2400000000000001e-01,2.4699538730227251e+00,2.2522738615427595e+00
3.2500000000000001e-01,2.4726355355409582e+00,2.2535944188038468e+00
3.2600000000000001e-01,2.4753161560988231e+00,2.2549078087939773e+00
3.2700000000000001e-01,2.4779958225248633e+00,2.2562140889878592e+00
3.2800000000000001e-01,2.4806746222767564e+00,2.2575133162775525e+00
3.2900000000000001e-01,2.4833526424499328e+00,2.2588055469792998e+00
3.3000000000000002e-01,2.4860299697861397e+00,2.2600908368402690e+00
3.3100000000000002e-01,2.4887066906819282e+00,2.2613692410452138e+00
3.3200000000000002e-01,2.4913828911970866e+00,2.2626408142230496e+00
3.3300000000000002e-01,2.4940586570630097e+00,2.2639056104533486e+00
3.3400000000000002e-01,2.4967340736909973e+00,2.2651636832727524e+00
3.3500000000000002e-01,2.4994092261805085e+00,2.2664150856813037e+00
3.3600000000000002e-01,2.5020841993273457e+00,2.2676598701487003e+00
3.3700000000000002e-01,2.5047590776317854e+00,2.2688980886204693e+00
3.3800000000000002e-01,2.5074339453066514e+00,2.2701297925240649e+00
3.3900000000000002e-01,2.5101088862853338e+00,2.2713550327748879e+00
3.4000000000000002e-01,2.5127839842297552e+00,2.2725738597822316e+00
3.4100000000000003e-01,2.5154593225382773e+00,2.2737863234551510e+00
3.4200000000000003e-01,2.5181349843535692e+00,2.2749924732082598e+00
3.4300000000000003e-01,2.5208110525704077e+00,2.2761923579674539e+00
3.4399999999999997e-01,2.5234876098434422e+00,2.2773860261755621e+00
3.4499999999999997e-01,2.5261647385949075e+00,2.2785735257979272e+00
3.4599999999999997e-01,2.5288425210222849e+00,2.2797549043279153e+00
3.4699999999999998e-01,2.5315210391059209e+00,2.2809302087923564e+00
3.4799999999999998e-01,2.5342003746166029e+00,2.2820994857569170e+00
3.4899999999999998e-01,2.5368806091230889e+00,2.2832627813314050e+00
3.4999999999999998e-01,2.5395618239995925e+00,2.2844201411750062e+00
3.5099999999999998e-01,2.5422441004332321e+00,2.2855716105014574e+00
3.5199999999999998e-01,2.5449275194314303e+00,2.2867172340841506e+00
3.5299999999999998e-01,2.5476121618292873e+00,2.2878570562611791e+00
3.5399999999999998e-01,2.5502981082969036e+00,2.2889911209403127e+00
3.5499999999999998e-01,2.5529854393466720e+00,2.2901194716039157e+00
3.5599999999999998e-01,2.5556742353405317e+00,2.2912421513138002e+00
3.5699999999999998e-01,2.5583645764971905e+00,2.2923592027160216e+00
3.5799999999999998e-01,2.5610565428993057e+00,2.2934706680456074e+00
3.5899999999999999e-01,2.5637502145006437e+00,2.2945765891312346e+00
3.5999999999999999e-01,2.5664456711331982e+00,2.2956770073998416e+00
3.6099999999999999e-01,2.5691429925142795e+00,2.2967719638811861e+00
3.6199999999999999e-01,2.5718422582535769e+00,2.2978614992123432e+00
3.6299999999999999e-01,2.5745435478601983e+00,2.2989456536421500e+00
3.6399999999999999e-01,2.5772469407496628e+00,2.3000244670355916e+00
3.6499999999999999e-01,2.5799525162508914e+00,2.3010979788781314e+00
3.6599999999999999e-01,2.5826603536131554e+00,2.3021662282799920e+00
3.6699999999999999e-01,2.5853705320130067e+00,2.3032292539803758e+00
3.6799999999999999e-01,2.5880831305611869e+00,2.3042870943516389e+00
3.6899999999999999e-01,2.5907982283095095e+00,2.3053397874034083e+00
3.7000000000000000e-01,2.5935159042577238e+00,2.3063873707866476e+00
3.7100000000000000e-01,2.5962362373603556e+00,2.3074298817976766e+00
3.7200000000000000e-01,2.5989593065335383e+00,2.3084673573821353e+00
3.7300000000000000e-01,2.6016851906618128e+00,2.3094998341388999e+00
3.7400000000000000e-01,2.6044139686049181e+00,2.3105273483239506e+00
3.7500000000000000e-01,2.6071457192045688e+00,2.3115499358541931e+00
3.7600000000000000e-01,2.6098805212912080e+00,2.3125676323112261e+00
3.7700000000000000e-01,2.6126184536907546e+00,2.3135804729450693e+00
3.7800000000000000e-01,2.6153595952313387e+00,2.3145884926778391e+00
3.7900000000000000e-01,2.6181040247500151e+00,2.3155917261073835e+00
3.8000000000000000e-01,2.6208518210994751e+00,2.3165902075108660e+00
3.8100000000000001e-01,2.6236030631547496e+00,2.3175839708483110e+00
3.8200000000000001e-01,2.6263578298198955e+00,2.3185730497661003e+00
3.8300000000000001e-01,2.6291162000346788e+00,2.3195574776004304e+00
3.8400000000000001e-01,2.6318782527812550e+00,2.3205372873807217e+00
3.8500000000000001e-01,2.6346440670908327e+00,2.3215125118329913e+00
3.8600000000000001e-01,2.6374137220503453e+00,2.3224831833831785e+00
3.8700000000000001e-01,2.6401872968091120e+00,2.3234493341604345e+00
3.8800000000000001e-01,2.6429648705854945e+00,2.3244109960003669e+00
3.8900000000000001e-01,2.6457465226735573e+00,2.3253682004482461e+00
3.9000000000000001e-01,2.6485323324497232e+00,2.3263209787621726e+00
3.9100000000000001e-01,2.6513223793794309e+00,2.3272693619162044e+00
3.9200000000000002e-01,2.6541167430237951e+00,2.3282133806034460e+00
3.9300000000000002e-01,2.6569155030462657e+00,2.3291530652390993e+00
3.9400000000000002e-01,2.6597187392192927e+00,2.3300884459634768e+00
3.9500000000000002e-01,2.6625265314309945e+00,2.3310195526449791e+00
3.9600000000000002e-01,2.6653389596918338e+00,2.3319464148830340e+00
3.9700000000000002e-01,2.6681561041412971e+00,2.3328690620110004e+00
3.9800000000000002e-01,2.6709780450545804e+00,2.3337875230990375e+00
3.9900000000000002e-01,2.6738048628492908e+00,2.3347018269569362e+00
4.0000000000000002e-01,2.6766366380921469e+00,2.3356120021369202e+00
4.0100000000000002e-01,2.6794734515056993e+00,2.3365180769364073e+00
4.0200000000000002e-01,2.6823153839750549e+00,2.3374200794007427e+00
4.0300000000000002e-01,2.6851625165546209e+00,2.3383180373258954e+00
4.0400000000000003e-01,2.6880149304748544e+00,2.3392119782611216e+00
4.0500000000000003e-01,2.6908727071490341e+00,2.3401019295115986e+00
4.0600000000000003e-01,2.6937359281800446e+00,2.3409879181410234e+00
4.0699999999999997e-01,2.6966046753671753e+00,2.3418699709741819e+00
4.0799999999999997e-01,2.6994790307129386e+00,2.3427481145994866e+00
4.0899999999999997e-01,2.7023590764299086e+00,2.3436223753714818e+00
4.0999999999999998e-01,2.7052448949475769e+00,2.3444927794133221e+00
4.1099999999999998e-01,2.7081365689192318e+00,2.3453593526192158e+00
4.1199999999999998e-01,2.7110341812288556e+00,2.3462221206568450e+00
4.1299999999999998e-01,2.7139378149980486e+00,2.3470811089697512e+00
4.1399999999999998e-01,2.7168475535929755e+00,2.3479363427796933e+00
4.1499999999999998e-01,2.7197634806313373e+00,2.3487878470889814e+00
4.1599999999999998e-01,2.7226856799893677e+00,2.3496356466827759e+00
4.1699999999999998e-01,2.7256142358088598e+00,2.3504797661313641e+00
4.1799999999999998e-01,2.7285492325042187e+00,2.3513202297924076e+00
4.1899999999999998e-01,2.7314907547695446e+00,2.3521570618131622e+00
4.1999999999999998e-01,2.7344388875857444e+00,2.3529902861326732e+00
4.2099999999999999e-01,2.7373937162276794e+00,2.3538199264839412e+00
4.2199999999999999e-01,2.7403553262713407e+00,2.3546460063960670e+00
4.2299999999999999e-01,2.7433238036010597e+00,2.3554685491963649e+00
4.2399999999999999e-01,2.7462992344167576e+00,2.3562875780124557e+00
4.2499999999999999e-01,2.7492817052412253e+00,2.3571031157743336e+00
4.2599999999999999e-01,2.7522713029274448e+00,2.3579151852164051e+00
4.2699999999999999e-01,2.7552681146659443e+00,2.3587238088795104e+00
4.2799999999999999e-01,2.7582722279922001e+00,2.3595290091129142e+00
4.2899999999999999e-01,2.7612837307940703e+00,2.3603308080762764e+00
4.2999999999999999e-01,2.7643027113192802e+00,2.3611292277415994e+00
4.3099999999999999e-01,2.7673292581829383e+00,2.3619242898951516e+00
4.3200000000000000e-01,2.7703634603751119e+00,2.3627160161393688e+00
4.3300000000000000e-01,2.7734054072684335e+00,2.3635044278947315e+00
4.3400000000000000e-01,2.7764551886257633e+00,2.3642895464016229e+00
4.3500000000000000e-01,2.7795128946078962e+00,2.3650713927221632e+00
4.3600000000000000e-01,2.7825786157813179e+00,2.3658499877420223e+00
4.3700000000000000e-01,2.7856524431260126e+00,2.3666253521722131e+00
4.3800000000000000e-01,2.7887344680433199e+00,2.3673975065508603e+00
4.3900000000000000e-01,2.7918247823638489e+00,2.3681664712449537e+00
4.4000000000000000e-01,2.7949234783554382e+00,2.3689322664520751e+00
4.4100000000000000e-01,2.7980306487311846e+00,2.3696949122021089e+00
4.4200000000000000e-01,2.8011463866575128e+00,2.3704544283589333e+00
4.4300000000000000e-01,2.8042707857623159e+00,2.3712108346220884e+00
4.4400000000000001e-01,2.8074039401431499e+00,2.3719641505284281e+00
4.4500000000000001e-01,2.8105459443754874e+00,2.3727143954537513e+00
4.4600000000000001e-01,2.8136968935210356e+00,2.3734615886144135e+00
4.4700000000000001e-01,2.8168568831361203e+00,2.3742057490689237e+00
4.4800000000000001e-01,2.8200260092801290e+00,2.3749468957195163e+00
4.4900000000000001e-01,2.8232043685240220e+00,2.3756850473137110e+00
4.5000000000000001e-01,2.8263920579589166e+00,2.3764202224458519e+00
4.5100000000000001e-01,2.8295891752047306e+00,2.3771524395586279e+00
4.5200000000000001e-01,2.8327958184189064e+00,2.3778817169445778e+00
4.5300000000000001e-01,2.8360120863051970e+00,2.3786080727475780e+00
4.5400000000000001e-01,2.8392380781225350e+00,2.3793315249643108e+00
4.5500000000000002e-01,2.8424738936939700e+00,2.3800520914457182e+00
4.5600000000000002e-01,2.8457196334156847e+00,2.3807697898984395e+00
4.5700000000000002e-01,2.8489753982660875e+00,2.3814846378862287e+00
4.5800000000000002e-01,2.8522412898149865e+00,2.3821966528313605e+00
4.5900000000000002e-01,2.8555174102328462e+00,2.3829058520160178e+00
4.6000000000000002e-01,2.8588038623001193e+00,2.3836122525836636e+00
4.6100000000000002e-01,2.8621007494166708e+00,2.3843158715403963e+00
4.6200000000000002e-01,2.8654081756112859e+00,2.3850167257562931e+00
4.6300000000000002e-01,2.8687262455512617e+00,2.3857148319667338e+00
4.6400000000000002e-01,2.8720550645520895e+00,2.3864102067737125e+00
4.6500000000000002e-01,2.8753947385872354e+00,2.3871028666471350e+00
4.6600000000000003e-01,2.8787453742979987e+00,2.3877928279260967e+00
4.6700000000000003e-01,2.8821070790034788e+00,2.3884801068201544e+00
4.6800000000000003e-01,2.8854799607106298e+00,2.3891647194105747e+00
4.6899999999999997e-01,2.8888641281244154e+00,2.3898466816515755e+00
4.6999999999999997e-01,2.8922596906580633e+00,2.3905260093715497e+00
4.7099999999999997e-01,2.8956667584434199e+00,2.3912027182742763e+00
4.7199999999999998e-01,2.8990854423414105e+00,2.3918768239401187e+00
4.7299999999999998e-01,2.9025158539526021e+00,2.3925483418272067e+00
4.7399999999999998e-01,2.9059581056278754e+00,2.3932172872726101e+00
4.7499999999999998e-01,2.9094123104792007e+00,2.3938836754934956e+00
4.7599999999999998e-01,2.9128785823905359e+00,2.3945475215882706e+00
4.7699999999999998e-01,2.9163570360288213e+00,2.3952088405377170e+00
4.7799999999999998e-01,2.9198477868551023e+00,2.3958676472061100e+00
4.7899999999999998e-01,2.9233509511357649e+00,2.3965239563423260e+00
4.7999999999999998e-01,2.9268666459538872e+00,2.3971777825809371e+00
4.8099999999999998e-01,2.9303949892207153e+00,2.3978291404432932e+00
4.8199999999999998e-01,2.9339360996872612e+00,2.3984780443385958e+00
4.8299999999999998e-01,2.9374900969560254e+00,2.3991245085649546e+00
4.8399999999999999e-01,2.9410571014928482e+00,2.3997685473104351e+00
4.8499999999999999e-01,2.9446372346388898e+00,2.4004101746540965e+00
4.8599999999999999e-01,2.9482306186227412e+00,2.4010494045670132e+00
4.8699999999999999e-01,2.9518373765726715e+00,2.4016862509132917e+00
4.8799999999999999e-01,2.9554576325290105e+00,2.4023207274510705e+00
4.8899999999999999e-01,2.9590915114566694e+00,2.4029528478335118e+00
4.8999999999999999e-01,2.9627391392578040e+00,2.4035826256097845e+00
4.9099999999999999e-01,2.9664006427846221e+00,2.4042100742260284e+00
4.9199999999999999e-01,2.9700761498523334e+00,2.4048352070263199e+00
4.9299999999999999e-01,2.9737657892522513e+00,2.4054580372536165e+00
4.9399999999999999e-01,2.9774696907650471e+00,2.4060785780506975e+00
4.9500000000000000e-01,2.9811879851741523e+00,2.4066968424610913e+00
4.9600000000000000e-01,2.9849208042793229e+00,2.4073128434299935e+00
4.9700000000000000e-01,2.9886682809103573e+00,2.4079265938051773e+00
4.9800000000000000e-01,2.9924305489409835e+00,2.4085381063378897e+00
4.9900000000000000e-01,2.9962077433029015e+00,2.4091473936837415e+00
5.0000000000000000e-01,3.0000000000000000e+00,2.4097544684035870e+00
